OPT_MSE_1000runs,OPT_W_Weights_MSE_1000runs,RAND_MSE_1000runs,RAND_W_Weights_MSE_1000runs
14.218327503064332,7.757360061562662,14.064392369025018,14.064392369025018
14.838731854543783,6.4348150790016385,14.311392840015696,14.311392840015696
15.198170433919174,6.0472510286910115,14.737573646083778,14.737573646083778
15.376769112948525,8.452496787898276,14.853032250393197,14.853032250393197
13.99231803368191,8.004423669534717,14.264924306115963,14.264924306115963
15.306673152134518,8.249033385508602,14.788279765140498,14.788279765140498
15.012818761289445,8.252230790210827,14.142407216871028,14.142407216871028
15.188962513812799,8.007809224057223,14.123138920002308,14.123138920002308
15.03281413130669,7.621451858155495,13.337498624133199,13.337498624133199
15.166505901570009,6.869571571064499,14.5982914356977,14.5982914356977
15.789861237692975,10.121089228310378,14.598392513684816,14.598392513684816
16.96393029132745,7.980740544773227,15.964611314219011,15.964611314219011
16.600623016028635,6.80633514791931,15.407569015380345,15.407569015380345
14.89194654959969,8.587418013908048,14.198583137162208,14.198583137162208
14.273299454398382,6.815295750759919,13.12367842397078,13.12367842397078
15.251677572608042,8.095055109615807,14.721115384333375,14.721115384333375
15.531217134964681,8.052122785811228,14.962254305597865,14.962254305597865
15.23860847249457,7.1119609404286495,14.909969709173115,14.909969709173115
15.068355707972122,7.170844379044934,14.79058800336715,14.79058800336715
14.709519374229943,7.575784518826105,14.520870528508144,14.520870528508144
16.220873144045417,9.23904556788044,14.924743797240529,14.924743797240529
13.328938531151321,7.448369661968653,12.762191175670484,12.762191175670484
16.456065498043344,9.066907600282304,14.894397514478316,14.894397514478316
14.842096743229801,7.30981768155056,14.805560280801348,14.805560280801348
15.06202009290325,7.585964944557302,14.414231311448447,14.414231311448447
14.818072885231146,8.04876977193325,14.333411818548022,14.333411818548022
16.788738476526014,7.793154628846195,15.981543252085988,15.981543252085988
13.886768292105984,7.070936222790745,13.358754718656284,13.358754718656284
15.630505660960898,7.53686943314248,15.351489778059728,15.351489778059728
15.12593615664289,8.023720365888602,13.924576557415252,13.924576557415252
15.349777487369595,7.829950723162545,15.265752380031156,15.265752380031156
15.529208604966628,8.361882144468282,14.972888423805975,14.972888423805975
15.384543777126142,11.252915025731703,15.590276114386286,15.590276114386286
14.211229600639962,9.510754789959412,13.24378202037251,13.24378202037251
16.755308551871995,7.888791477116246,17.555322016733193,17.555322016733193
15.119781199344846,8.398185931823111,16.02473029120026,16.02473029120026
15.759422544188645,8.31328569103055,15.226523550241332,15.226523550241332
14.36593917035939,7.971250774333702,14.02039571538916,14.02039571538916
14.332146610673094,7.61840884978277,14.427190890067177,14.427190890067177
14.787477095257834,7.274958344239971,13.440898440937056,13.440898440937056
14.84399004046579,7.967125878089236,14.127806075034446,14.127806075034446
15.044349024155027,10.358322375964823,14.521051999932325,14.521051999932325
14.612125678343984,8.544489736907531,13.875416862502508,13.875416862502508
15.312005505814334,7.815277751048964,14.441357952698167,14.441357952698167
15.78697943569464,12.974348599208383,14.836988863456364,14.836988863456364
15.282528513239068,8.030292725555986,14.599609277216434,14.599609277216434
13.932895396457207,7.512771605047718,13.565193393262176,13.565193393262176
14.272465525290734,7.404698771344247,12.914274253249872,12.914274253249872
14.772075675599064,6.678180828516228,13.6155315348999,13.6155315348999
15.110965408869165,7.552149122492297,13.816573446074923,13.816573446074923
15.11741960403787,7.579603986676292,14.580712675286165,14.580712675286165
15.256387076138852,8.257335958624914,15.49242124417887,15.49242124417887
14.62263291921696,8.681354183213191,14.167898197834766,14.167898197834766
16.642157617184147,7.391943463223252,16.989944897745087,16.989944897745087
13.898012821937405,7.539892343958433,13.78775124623486,13.78775124623486
15.424484022142549,7.039263349441845,16.42600427979559,16.42600427979559
16.43216991197088,7.57744952420784,16.73766569295413,16.73766569295413
15.129534077348655,7.810132883479219,14.565802701725998,14.565802701725998
15.107644232019325,10.303589950971475,14.638904485162268,14.638904485162268
14.138576582136707,9.613238712831908,14.157435453876497,14.157435453876497
14.284543937769175,8.022386648170846,13.978159474807335,13.978159474807335
15.52224810191826,8.768424267903104,15.07554275239757,15.07554275239757
14.604822350812059,6.631557996337025,13.10438673049155,13.10438673049155
13.896624451149906,7.090916710676586,13.33139073316165,13.33139073316165
14.981419079709354,7.719993272390933,14.079125687418985,14.079125687418985
14.972190092099133,8.884311129567939,14.387663435025921,14.387663435025921
15.194849720967039,7.939475078080627,14.576633511796203,14.576633511796203
17.23495590503734,8.403670513593962,16.43454314426686,16.43454314426686
14.617021499803673,7.494344233299179,13.930972987957027,13.930972987957027
15.628672833661074,8.123043333982617,14.932088610999386,14.932088610999386
14.451133159399923,5.839731975447931,13.058516759721762,13.058516759721762
14.971728285201324,7.0491269922579765,14.844575261260546,14.844575261260546
13.974737157549013,7.242560285288749,13.041414056469344,13.041414056469344
14.981212179229303,8.290773457684292,13.61199191647301,13.61199191647301
15.502784141366117,8.359084410716044,16.28597932099766,16.28597932099766
15.677148704158615,7.000062374965753,14.86856142688846,14.86856142688846
14.768197138096436,7.957357543974317,13.977599656443324,13.977599656443324
13.036166752424172,7.005717362376205,12.018349219734041,12.018349219734041
14.263044476436887,8.742771925556223,14.715157174879266,14.715157174879266
14.225632591835705,7.561256234314092,13.20957443976339,13.20957443976339
15.609705260694904,7.846430839692657,15.080394440726208,15.080394440726208
15.521215036170558,7.964608732241938,15.281787904818827,15.281787904818827
14.874009417398968,7.976128126019382,15.424376989661463,15.424376989661463
15.725575985297462,8.24931098720543,15.291040443411985,15.291040443411985
15.312285632696709,9.198672216151946,14.543722919071863,14.543722919071863
14.890156410044847,7.957113227641255,13.037402295740986,13.037402295740986
14.928936273995797,8.056064484123025,14.46684535077971,14.46684535077971
14.73749986550989,7.5585499601267925,14.206502310147455,14.206502310147455
15.070253504949756,9.072784040948319,14.854946566120725,14.854946566120725
15.868203696792667,9.58091646629328,15.889233090203097,15.889233090203097
14.941126518539571,7.624209949267579,15.249524475780968,15.249524475780968
14.552959935177993,7.082100028642488,14.439483152654383,14.439483152654383
15.419407880142481,7.882314195297524,13.78284819890513,13.78284819890513
15.56429402629404,8.597369083429218,14.505034309428288,14.505034309428288
15.528219166236138,7.7673194322859604,14.618992339085608,14.618992339085608
14.765781723426267,7.294532540534853,14.745442246639229,14.745442246639229
15.3816342224931,7.971820501168244,14.267761792501867,14.267761792501867
15.217622426714724,8.066412816397484,14.332232959249366,14.332232959249366
15.294158346947427,6.847899405799147,15.509536727223546,15.509536727223546
15.87520909609044,10.922101982257706,14.931641011181272,14.931641011181272
14.575549268313498,7.330363568064918,14.86748202391389,14.86748202391389
15.548074008609449,7.154270499184762,14.892153641456298,14.892153641456298
15.37287023678745,8.35636353234989,14.89489180820354,14.89489180820354
16.852742381826914,6.64669532048132,15.200971199411782,15.200971199411782
15.001124069345561,7.276463100254798,14.451694710732527,14.451694710732527
15.372488468225416,6.803144085201834,16.31791993982199,16.31791993982199
14.908352682395885,12.122385154172864,14.040233350958966,14.040233350958966
14.744964528178349,7.257380936272899,15.612800660700609,15.612800660700609
14.64871625698984,7.989510169688165,14.128108142034327,14.128108142034327
14.031800232963933,8.303514882241675,12.981540652004561,12.981540652004561
15.617165708559417,7.563704964312253,14.737944501039806,14.737944501039806
13.759129565952577,6.7068400596863915,13.519079423371402,13.519079423371402
14.590260282553768,8.145798660794172,13.74585965785402,13.74585965785402
15.80115147805074,8.831713976320923,14.793290770176313,14.793290770176313
16.146096826615143,8.770010324193928,15.068443542762886,15.068443542762886
14.080827761623588,8.22632386199853,13.560475814669244,13.560475814669244
13.760975058429418,7.827639840043815,13.474854611723554,13.474854611723554
14.585779752919592,8.49840739058918,14.442587603710715,14.442587603710715
15.11323028544904,8.507452008520504,13.78239022302059,13.78239022302059
14.535085589104785,11.162717022910016,14.352577742848057,14.352577742848057
13.850527862588459,7.5253116213809905,13.602321482682125,13.602321482682125
14.52579965418166,8.199461453655816,13.701238354972617,13.701238354972617
13.97052155156068,7.7927079573308085,13.886414404640055,13.886414404640055
16.000275109853572,7.015262415464912,15.170262852138531,15.170262852138531
14.127100888823977,7.509642936341082,13.353042700072809,13.353042700072809
14.56827845393576,8.262211644503013,14.130249901390982,14.130249901390982
14.96034849716176,6.93517978462156,13.866504239909464,13.866504239909464
15.55463384785896,8.278896113438934,13.95120755291526,13.95120755291526
14.604063638852484,8.642858265491144,13.785980157929549,13.785980157929549
15.398255599678528,7.1854146533189835,13.834135158599548,13.834135158599548
13.919400965142943,6.555431688532751,13.276585382181471,13.276585382181471
15.512536189428811,12.114548052487711,14.958828321835183,14.958828321835183
13.491067046552143,6.480308469995676,13.775331901505037,13.775331901505037
15.143679342490858,7.752858002279572,14.138967661521072,14.138967661521072
14.032011397439248,6.574563578467714,13.545861026817764,13.545861026817764
14.22778927619235,6.836203820779011,12.623334547212025,12.623334547212025
17.269586433567294,12.152740950523384,16.39142073325332,16.39142073325332
15.080161925065774,9.480305539856177,13.319410743902067,13.319410743902067
16.911012116335215,8.047993890672721,15.99804369829728,15.99804369829728
15.701061367335155,8.39879067368793,15.0160343707808,15.0160343707808
14.662680295640856,7.667123559491375,13.283612004505223,13.283612004505223
15.891111142319316,10.315984853263247,15.267704748699447,15.267704748699447
16.554308898961978,7.926559104810868,16.252930572673435,16.252930572673435
15.985986723482291,9.04112714438621,15.940053701663226,15.940053701663226
13.647176818953199,7.114705825255024,13.311252528772421,13.311252528772421
13.932754856383479,8.432256792099524,11.997971163224422,11.997971163224422
14.219645050925468,8.093833198587108,13.638241339399167,13.638241339399167
15.917264779769672,13.027985202730395,14.967136477571003,14.967136477571003
14.077338596957768,7.8573805773731715,13.82255868937178,13.82255868937178
14.965072693156786,7.84169562896297,14.10483061733309,14.10483061733309
14.691104811503168,7.338064801778543,13.914261139485687,13.914261139485687
15.13546016761276,7.392859332005014,15.510738004236131,15.510738004236131
14.23098437449316,7.381835332486985,13.70096985356284,13.70096985356284
14.502371845741212,6.916194639730067,13.589713337110576,13.589713337110576
14.2309535212155,6.980279990478331,13.155327945834589,13.155327945834589
15.100570724786765,7.0917992824511105,14.48243934750495,14.48243934750495
13.643657657399515,6.466359084534975,13.60021261172096,13.60021261172096
16.375198600369888,8.120032959444785,16.1469089307792,16.1469089307792
14.396356844701195,7.0460152787286745,14.1045223308566,14.1045223308566
15.487224790532395,7.1642474553898525,14.566485684474573,14.566485684474573
14.2323796500207,8.59579178502517,13.647837865915477,13.647837865915477
14.79327128902468,6.018930071735292,14.029930282368317,14.029930282368317
15.048227753082516,6.616397329830974,14.252484381613709,14.252484381613709
14.236818933758105,9.094939512707422,13.5544524086091,13.5544524086091
14.942368533374317,8.010172510981953,14.804083568544124,14.804083568544124
15.937184624330918,8.061742694567464,15.1540243511942,15.1540243511942
15.138864964480671,8.757006180322723,14.390799168904165,14.390799168904165
15.219188250404489,7.400420632309073,14.801815787434458,14.801815787434458
16.153671842549773,8.299615986572906,15.109369107686828,15.109369107686828
15.249069434655881,7.972906530346166,15.756959424647867,15.756959424647867
15.018347230664581,7.373796527940892,14.378892578654114,14.378892578654114
16.196795627612893,9.169739152326539,15.114868992383649,15.114868992383649
14.916081280746257,8.326997908390835,13.583098371088994,13.583098371088994
13.746886116605907,6.601287495422726,13.539447354574188,13.539447354574188
14.391918243067714,7.385257474192306,13.638332009176068,13.638332009176068
14.935109013017273,8.68684519831941,13.695614358145066,13.695614358145066
14.565826856274239,6.676293729016394,14.501750030245903,14.501750030245903
14.556986481145785,8.339572006609128,14.312236959203677,14.312236959203677
15.396888178339372,8.65689481410335,14.750350282039609,14.750350282039609
14.245753971429183,7.27145188008138,13.742124033944096,13.742124033944096
13.538827430484819,6.731394679016384,13.446708592144192,13.446708592144192
14.097943164864853,7.015646501928304,13.636966420987147,13.636966420987147
14.379821583738018,6.6535729916363575,12.901324027902984,12.901324027902984
15.560902139426261,8.421497979017925,14.63485681407586,14.63485681407586
14.927825270884581,7.251330550873189,13.883014853737919,13.883014853737919
14.119620972462474,6.406817553833857,13.248023340819197,13.248023340819197
16.564209928005628,8.77057572970707,15.371446590508526,15.371446590508526
16.12562866593107,8.852777590540496,15.242104788213567,15.242104788213567
14.538537353539299,7.997304673022355,14.157364753134058,14.157364753134058
15.89938877339184,8.307021924443212,14.880408570740073,14.880408570740073
15.226865821047552,7.440392202753121,13.282079356266813,13.282079356266813
15.246747887286928,8.273974932678465,15.75143670734899,15.75143670734899
13.632523901839296,7.738876130964754,13.82384253440701,13.82384253440701
14.659457469357225,7.699809142792707,14.663162354162791,14.663162354162791
15.595177003614094,6.786805745844197,16.22803773134998,16.22803773134998
15.532514464810527,8.72895529755504,15.883773909688156,15.883773909688156
14.211124374468648,7.554504085590806,13.73783261477076,13.73783261477076
13.496560731007056,7.250748261699263,13.511585225983628,13.511585225983628
14.645203470123436,8.33660616832264,14.150438093471031,14.150438093471031
15.435388283041572,7.695976597362879,14.829377968666728,14.829377968666728
14.720750674713182,6.841412421781568,14.630782537380254,14.630782537380254
14.56656800057448,8.790178958242324,14.084949368360004,14.084949368360004
14.389553852202907,7.090506366534532,13.891389035315328,13.891389035315328
14.25411511846809,6.812205688351047,13.314574673831247,13.314574673831247
14.08196037361109,7.731611525869708,13.938912587189845,13.938912587189845
15.65348706864803,8.181845477726597,14.324078485133512,14.324078485133512
14.286552161193706,7.36437129763641,13.344555937001976,13.344555937001976
14.005295597086024,6.95659924305582,13.476192499290459,13.476192499290459
14.65579574642264,8.27503681129693,14.083813681967117,14.083813681967117
14.077870920531069,7.834195621680536,13.219966150055109,13.219966150055109
15.941469271557166,9.067437049085122,15.741821342383302,15.741821342383302
15.094865524146439,8.5617445051886,14.848983540399178,14.848983540399178
15.269536840037068,7.3217665927867435,13.958212929197476,13.958212929197476
14.845947080667981,6.375958176515055,13.381541512987205,13.381541512987205
15.725792632873292,8.750449933242146,13.931508031655964,13.931508031655964
15.345851871324726,8.910507322147513,14.836491077675857,14.836491077675857
13.718308267906874,6.837955067937285,12.653527316262664,12.653527316262664
16.287467286227663,8.386056382434104,16.6211367378853,16.6211367378853
14.641371611501759,8.455051732725714,14.152153289561623,14.152153289561623
14.958782975573566,8.542512608945756,16.418801913823575,16.418801913823575
15.258024817827895,7.625408237082305,15.900179076195089,15.900179076195089
15.629623733150765,8.328905951800145,16.429810679472617,16.429810679472617
13.354817093688952,8.367781564333216,13.013701251456931,13.013701251456931
16.095806671280336,8.700846446202863,15.778856364548297,15.778856364548297
14.082895574729577,7.616320427958678,13.240941220638144,13.240941220638144
15.064755901307104,7.870595918378049,13.795933342554887,13.795933342554887
14.728899308484106,7.512198003370547,14.58321465983486,14.58321465983486
13.517143120115676,6.507496406098245,12.435702074163078,12.435702074163078
16.363220291455505,8.173510269096962,14.54800489010014,14.54800489010014
15.882841174725609,8.032837972802263,15.765391342187536,15.765391342187536
14.885477396668454,7.285342710706986,14.405867980149932,14.405867980149932
14.356995508699933,7.889215830743811,14.56124077242998,14.56124077242998
14.635469143480584,8.164085097548076,13.892520920230325,13.892520920230325
16.321357081664278,7.350808122857852,13.733501647046351,13.733501647046351
16.358754783076925,8.669850059356635,15.495371352467556,15.495371352467556
14.007205929618012,7.369813054204534,13.144231465786424,13.144231465786424
14.870444214998498,7.962234107195886,14.467267063150953,14.467267063150953
15.159674638038833,6.426617404600692,13.8780594764696,13.8780594764696
15.343859507083604,6.782549491225146,14.470568911872169,14.470568911872169
14.638363579698977,7.343744577993287,13.80240671408744,13.80240671408744
13.686341584457779,7.904982955885069,13.356848436533568,13.356848436533568
16.866249358067662,7.305119494654487,15.579339502143865,15.579339502143865
14.055635344063846,6.6199125229664375,13.994595898002249,13.994595898002249
16.678906352933677,7.520927510152347,15.206455130138991,15.206455130138991
15.065056026783425,8.078037144540875,13.704113866546148,13.704113866546148
15.688972277839484,7.803398627659746,13.274896508998689,13.274896508998689
15.024212517633337,7.813538527873712,14.566582742987295,14.566582742987295
15.107568523860106,7.281291083404565,13.907382371380907,13.907382371380907
14.532185344289553,7.242816480679299,14.145792641213642,14.145792641213642
14.913589178746474,6.67198165617645,14.66340648372017,14.66340648372017
15.038886815096976,14.830299862755112,14.539777559929934,14.539777559929934
16.168991639011963,11.8049158958651,15.890637367482146,15.890637367482146
13.786591068090853,7.311963060232499,13.506683420609631,13.506683420609631
14.327014499398667,7.666149740278547,13.782265564843804,13.782265564843804
15.719026909267143,7.043462148203625,15.54382836837301,15.54382836837301
15.06004051159895,6.60173183493834,14.091486110360513,14.091486110360513
13.927406895564003,7.200782730178162,13.335529592736645,13.335529592736645
15.448474639805829,7.659082237020054,14.902033633233804,14.902033633233804
15.360726974808625,9.499347524054707,14.771448025199343,14.771448025199343
15.717023289091939,8.99420903461141,13.92782588863725,13.92782588863725
15.078381441197344,8.303622488210856,14.975278735884201,14.975278735884201
15.389452730947914,8.362594111164421,14.46047917958285,14.46047917958285
15.66894983099077,8.368526682753837,15.12529856430296,15.12529856430296
14.083870533275322,7.6516865970238,13.293864515048536,13.293864515048536
14.53201619746695,7.7645432478865475,14.107704372744367,14.107704372744367
15.7673804694945,7.72823653007584,14.391343627718493,14.391343627718493
15.31856724463273,6.880036572360565,14.616723754318048,14.616723754318048
15.120091677148901,7.663838474639916,14.035698590180068,14.035698590180068
15.49947696273893,6.441091565202416,14.632367710622425,14.632367710622425
15.720977228745904,7.131027930080404,15.529539201735007,15.529539201735007
14.78340288331116,6.7698933033725055,13.830300145491423,13.830300145491423
14.555314151031993,7.433530080044102,13.985391845056224,13.985391845056224
15.452513574532361,8.390699032295268,15.437799503187739,15.437799503187739
15.305117036897089,14.983995345768362,13.393974160586145,13.393974160586145
15.233911304415201,8.910493759497252,14.520917347869757,14.520917347869757
13.824514120979488,6.92703966070588,12.326325715518243,12.326325715518243
14.760766917098032,7.287348411858515,12.92868049324251,12.92868049324251
14.209356151533495,7.074388672116348,13.527765741254479,13.527765741254479
15.678171195242165,8.56127873489679,13.997643469168025,13.997643469168025
14.672939403236413,7.793675413025267,14.132405994787053,14.132405994787053
16.974687913038466,9.304363845293054,14.848915543656613,14.848915543656613
14.452274844880863,8.326624551170308,13.23899315934548,13.23899315934548
14.394565644497352,7.7765493322730865,13.361370410794951,13.361370410794951
14.863034695616804,7.575423081342366,13.83565775723315,13.83565775723315
14.635566448970216,7.700901907079884,14.234266441721212,14.234266441721212
14.294628797663451,9.309994866052598,14.154264728718239,14.154264728718239
13.840224587255866,7.571162899858922,12.818615108873232,12.818615108873232
15.258750351418376,8.106358615139774,15.07793247036977,15.07793247036977
14.955425989436284,7.3208182390143905,14.33529308686654,14.33529308686654
14.638352480874097,7.800622257648263,13.819853577283935,13.819853577283935
15.967495102110064,8.731748750787055,15.16300890106273,15.16300890106273
15.553779396724117,9.193579668898497,13.32266453304543,13.32266453304543
15.845284026284464,7.807127184869396,14.772601591522761,14.772601591522761
15.68343691945678,8.225525782414799,15.021158163728131,15.021158163728131
13.926843151038444,7.4674964587395865,13.591410112883384,13.591410112883384
16.686119064040845,7.905018972299612,16.82702351986532,16.82702351986532
15.001663442446354,10.980048202146907,14.514190563246618,14.514190563246618
15.722986426818103,6.280252690224935,15.34755834827153,15.34755834827153
16.048597905917497,8.660318922979584,16.01877852694403,16.01877852694403
14.587066949223818,7.314303609962876,13.82735194965276,13.82735194965276
14.290169800279136,8.298475586782239,13.610256189600276,13.610256189600276
16.67046815758138,6.756972684327799,15.810996165958954,15.810996165958954
15.984090384925496,8.900190530079463,15.335194256227723,15.335194256227723
14.71214705875758,8.148957499499232,14.281439463279465,14.281439463279465
14.37052574887608,9.525631154579552,13.293285662229014,13.293285662229014
15.156337784389903,8.913715536233767,14.980545518214079,14.980545518214079
15.010661260079134,8.325701607717496,14.730978425655344,14.730978425655344
14.118780238622058,7.473424660632878,13.356798523531086,13.356798523531086
15.271021695980515,7.300298922387737,14.032701368101968,14.032701368101968
15.895369970330949,7.13320444535865,14.018144055630671,14.018144055630671
13.912313325607615,8.18518825411699,13.256340898115635,13.256340898115635
14.618758161914082,8.021525089558452,13.937823217886384,13.937823217886384
14.761664258308242,7.816078312829459,14.525108476044016,14.525108476044016
16.60863998300543,9.131447303851536,15.567955664277731,15.567955664277731
14.550581831194739,7.097711290702924,14.326177817235484,14.326177817235484
15.001348919528946,8.14425406159321,15.535673899786767,15.535673899786767
14.584820302972059,6.719137406065829,13.245294108281335,13.245294108281335
13.691608160752299,7.463063603045538,12.321560278729912,12.321560278729912
15.717882588425251,8.767359305069178,14.479250604572488,14.479250604572488
14.588446150451636,7.509635955589858,13.317809131666325,13.317809131666325
14.68134430242274,6.808291465129909,12.749728379930945,12.749728379930945
15.124820123022623,7.07710829226044,14.869115126489604,14.869115126489604
13.5657421176937,6.553578752449162,13.391318131715705,13.391318131715705
16.302705266927568,7.709918579452408,14.701044865052811,14.701044865052811
13.851416862144331,6.374360862400204,12.652182084104917,12.652182084104917
15.030919310948349,8.921384134485793,13.861268792851998,13.861268792851998
15.891036282405636,9.536545608579564,14.696037887780733,14.696037887780733
15.102745181990418,9.800131416207902,14.536161110147638,14.536161110147638
14.699416853869998,8.44574183778589,14.176601807376521,14.176601807376521
15.894758676085704,10.562064645491152,14.11775517799356,14.11775517799356
14.829932030305963,10.72838713949658,14.245785163250979,14.245785163250979
14.805443511649122,7.137221534719087,14.56506158725435,14.56506158725435
15.314431689614864,8.745371388338055,14.222254390936259,14.222254390936259
14.397825745435199,7.927474489373631,13.878771007828771,13.878771007828771
14.977066750378555,7.84466547074086,13.592154291483656,13.592154291483656
15.478142447837914,8.820974905050972,14.897935117307172,14.897935117307172
15.428832701677115,10.372256295645405,14.652305944540172,14.652305944540172
15.620440216932442,5.629165266041765,15.401346206644046,15.401346206644046
15.230482482811647,7.2326965570659825,14.64417948867662,14.64417948867662
14.584369873558357,7.9904357145084814,13.988817345981172,13.988817345981172
15.476407391503626,8.828603892765814,15.93773663774022,15.93773663774022
13.264420297355795,10.345619721330806,12.474536066210769,12.474536066210769
14.164888969892196,7.630611842474214,13.685246275039237,13.685246275039237
14.801452712407137,7.3050733267534635,14.085128827051253,14.085128827051253
15.413998595598503,8.479999734841908,15.645782557218535,15.645782557218535
14.957193925450612,7.337683739926157,13.605562116580082,13.605562116580082
14.781403998773948,7.620538974901176,14.449883597375099,14.449883597375099
14.130273401479826,6.022842257065171,12.261464985258288,12.261464985258288
15.666354037613907,8.441020104031361,14.987362801130764,14.987362801130764
15.78922556698692,7.911893169398273,15.178246965540373,15.178246965540373
14.479177827250917,6.1617064816106675,13.498414344818581,13.498414344818581
14.423372434257992,8.449342581577001,14.174238025490292,14.174238025490292
14.449596329955828,7.933925477981807,13.522932742211745,13.522932742211745
16.031246355615274,6.822214903775299,15.185633802918103,15.185633802918103
15.683903115969892,9.760032555902406,14.985348881188557,14.985348881188557
15.35826888578996,6.955910350187083,16.192942784974957,16.192942784974957
14.854803304391528,8.314899196265351,13.774201544827804,13.774201544827804
15.11618636965297,8.050795569042272,14.554464043940317,14.554464043940317
14.06007980298982,7.760935906199795,13.525101513764037,13.525101513764037
14.933325917050846,6.707634084294891,14.43535878614289,14.43535878614289
15.543985731210894,7.372680550898638,14.471407687204362,14.471407687204362
15.429061391224675,8.629438353954649,14.978375734806093,14.978375734806093
15.433864751378632,7.005178347148658,15.541232768679142,15.541232768679142
15.686888039982529,7.749093501730729,14.874252657286885,14.874252657286885
14.557980723883713,9.377831567605144,14.294379075755636,14.294379075755636
16.85931296090814,7.430849110208852,16.61746777967871,16.61746777967871
15.37591052271364,7.198589822118682,14.591974966672135,14.591974966672135
14.989244065930189,8.930354520258616,13.353517595376672,13.353517595376672
14.872774709990498,8.691357277535586,14.770198118624918,14.770198118624918
15.835553633846509,7.637802574920297,14.923082138097772,14.923082138097772
16.2795671692404,7.796090115187745,15.845532088399745,15.845532088399745
14.221382080656191,8.820382367240114,13.597375612623566,13.597375612623566
15.010701793019418,7.118485589025405,14.952186611388123,14.952186611388123
14.537245065206088,7.7051737653077295,13.96445925680325,13.96445925680325
14.38757834646433,8.779281921741783,13.922843142208633,13.922843142208633
15.412670178503381,7.393491707559517,14.762147708745285,14.762147708745285
15.96488894150904,7.485870170264082,14.260954944015523,14.260954944015523
16.1363884872444,11.80290143744713,15.348599359383757,15.348599359383757
15.291761797928359,8.31282889963458,14.76664292873472,14.76664292873472
15.361361950899633,9.665853904381684,16.14131827363355,16.14131827363355
15.338540855091571,7.342333569518876,14.656133567317802,14.656133567317802
13.759276248044667,7.212618899861045,14.004175024321288,14.004175024321288
14.743601868324662,8.73904429415351,14.222032401238815,14.222032401238815
16.69497718511992,8.642988813734714,16.71386436664949,16.71386436664949
14.972750773539515,9.087984735215665,14.42332847721566,14.42332847721566
14.88794931617547,8.182905488482584,14.031596866776276,14.031596866776276
14.876370748593626,7.905525438578324,14.17551701447165,14.17551701447165
14.46814322654778,8.993595765464885,13.782068669275798,13.782068669275798
15.728160003805502,8.261267737811606,15.535493576653769,15.535493576653769
16.296643130398223,8.03796621647108,16.0811343406185,16.0811343406185
14.821454692523922,7.380107962417247,13.703494510549895,13.703494510549895
15.350294408858455,8.594056188999582,14.754563347322701,14.754563347322701
15.527748746250245,7.922122110589281,13.760174958219103,13.760174958219103
14.43979949239173,7.282809682287995,13.416793141238557,13.416793141238557
14.520925338766592,7.642875215080954,13.476218775391638,13.476218775391638
14.92618294362565,6.954568394023683,14.732245823693543,14.732245823693543
14.863060828764757,7.764980346120149,13.479649746027048,13.479649746027048
14.15561823079031,8.43894010299689,13.365866246175903,13.365866246175903
17.061645647497482,7.2201162838034065,16.67009444583111,16.67009444583111
15.031138170109573,7.537534921471906,15.852429461571107,15.852429461571107
15.876524024567729,7.242605926181994,16.09983597020485,16.09983597020485
14.485096359931429,6.557267323508685,14.661270141136121,14.661270141136121
15.046176723097055,7.399902901022052,14.038827158108898,14.038827158108898
15.193680400943494,8.407959471841531,13.508956212301781,13.508956212301781
14.375139328096969,7.151575012721167,13.133601919672635,13.133601919672635
14.384653507962101,7.5087191393283295,13.75489441012115,13.75489441012115
15.854776320172764,8.303503360879146,15.664140584704738,15.664140584704738
15.058242922248988,7.189734662234048,13.652448757958151,13.652448757958151
14.400620882055668,8.275780834671735,13.490577586691954,13.490577586691954
14.177653759854369,7.025859439055968,12.525539617589008,12.525539617589008
15.02907560017015,8.320521307133596,14.31099168721534,14.31099168721534
15.7170914091167,7.890046699899756,14.73256640795353,14.73256640795353
13.975888948747338,8.313012071612661,14.072405690095662,14.072405690095662
16.066296686740635,8.150741687462837,15.738755691934147,15.738755691934147
14.362516214222694,7.276968039976379,14.098704248741745,14.098704248741745
15.52235531312667,8.44363648435333,15.011088352318582,15.011088352318582
16.032020866645322,7.777185672052097,14.875311552304842,14.875311552304842
15.088777968931415,10.213483611207293,14.52387029886563,14.52387029886563
14.912871719630674,7.11122098332063,13.980296569635028,13.980296569635028
15.430584658537725,8.44929324976987,14.584116285538785,14.584116285538785
15.250788874549837,7.886476130724929,14.78453801741494,14.78453801741494
16.90623030422652,7.488397531596379,15.1073942675688,15.1073942675688
15.062100371356268,6.566915564648681,15.171420199594062,15.171420199594062
14.992852899936773,7.412792696623514,14.18228188647151,14.18228188647151
14.517795855731523,8.265272368698072,14.610263077489115,14.610263077489115
15.328515796163433,8.472244573619118,14.724902646515169,14.724902646515169
14.310464201483482,6.923485399445241,13.379258356888105,13.379258356888105
14.27340609771551,7.830017808684336,13.36819627081616,13.36819627081616
14.095263292110573,9.111379861170763,13.228662670037497,13.228662670037497
15.044681926880871,7.871782154565547,15.103399810380036,15.103399810380036
15.559861769285778,9.133837173757506,15.384758961813331,15.384758961813331
14.680542486607175,6.427145202638456,13.20139285778238,13.20139285778238
14.533026456744597,7.698208809614556,13.774957465989855,13.774957465989855
14.423383790515143,7.73891171513441,13.636195341195986,13.636195341195986
14.753741040700499,7.817882877494521,15.243079494018602,15.243079494018602
14.975349784638006,6.384112012254408,14.744090003228242,14.744090003228242
14.954161790238741,8.277252100549003,12.885963471349259,12.885963471349259
16.07556376555119,8.512492138102138,15.354372838297614,15.354372838297614
14.437305890826327,6.94682858582708,13.710997444999983,13.710997444999983
15.664908599731396,7.334219226114085,14.583667943808964,14.583667943808964
14.198801696326566,7.735398893073443,13.3460252084624,13.3460252084624
17.672240711979054,8.84978863390944,17.35928376492703,17.35928376492703
16.803903171871912,9.74784421413761,16.3068687122714,16.3068687122714
13.907888218652051,7.461701220267342,12.592282499770329,12.592282499770329
13.883721083912935,7.4678268798547185,12.978072462719858,12.978072462719858
14.561185680049752,7.775809825490801,13.184345801628517,13.184345801628517
15.34389726595913,8.027168142306934,15.146839143451619,15.146839143451619
15.214424236566664,7.829172386771709,14.136610274725065,14.136610274725065
14.364352232537733,10.005881425819798,13.756481663203278,13.756481663203278
14.725080284305045,7.398985602286037,13.895121306086496,13.895121306086496
14.226140279790172,6.20030670651321,13.485038283922412,13.485038283922412
15.244664669047607,8.412649069887932,15.856532688081703,15.856532688081703
15.495983722450719,11.519556817912997,14.759878446129887,14.759878446129887
14.38747798345269,6.667208823414158,13.587667852585717,13.587667852585717
14.66913116745123,6.907628620297524,13.603275951431334,13.603275951431334
14.209334508313674,8.112911332118738,12.540476328141702,12.540476328141702
14.51320036285364,7.113632611327895,13.548575817804368,13.548575817804368
14.204239029095701,7.206346742220213,12.8183711497193,12.8183711497193
14.568567628373573,7.287267703073939,14.383634442207525,14.383634442207525
14.999061374198728,9.466723730212962,14.925917870741868,14.925917870741868
15.200145594860125,6.278882952629363,13.89202753918696,13.89202753918696
14.537353703013535,8.252529010619353,13.973144283215499,13.973144283215499
16.205489470174122,9.900045009361682,14.876567584877886,14.876567584877886
16.625265455206577,6.869695871763235,16.18464971624811,16.18464971624811
13.988749046745854,7.500884063735688,12.421251738808259,12.421251738808259
15.499467650364924,8.131497635361274,14.309510208330606,14.309510208330606
18.001851686371108,7.850159275823287,17.47043708047218,17.47043708047218
13.785879953130769,6.438109019122955,12.891197739611723,12.891197739611723
13.591775516699753,7.577067498260005,13.156110110091623,13.156110110091623
14.751184806519971,7.6509807335066276,14.239358768649021,14.239358768649021
14.32039165942477,6.496606646527346,13.431645861300197,13.431645861300197
15.097553888298732,7.510371983995699,15.226954281524128,15.226954281524128
13.982017126362233,7.527152085092593,13.566892241555088,13.566892241555088
14.764126890354904,8.447883708049135,13.635356147484186,13.635356147484186
15.554324231479056,8.158669546981804,14.567264521352067,14.567264521352067
15.86111397082334,7.4484600114299555,14.731406642944496,14.731406642944496
14.140226258622464,8.66334660108977,13.740203941166008,13.740203941166008
15.13186738204562,7.538681357633836,14.859118865503449,14.859118865503449
15.995407964348283,8.620017893410942,14.74300829193187,14.74300829193187
15.323859840840358,7.1048647864832875,14.60778125343377,14.60778125343377
15.853829553410183,7.203352774101204,16.257441600187587,16.257441600187587
14.0636265353751,7.5053506409697235,14.01750906011403,14.01750906011403
14.552185009744928,6.693436425655406,13.862265620018839,13.862265620018839
15.551053646145172,8.116954699056286,15.22874316589799,15.22874316589799
15.428807880861271,7.403707814661675,13.288444009925877,13.288444009925877
13.62265080088289,8.006409184672828,13.009151698647011,13.009151698647011
16.052669985413967,9.116608586349276,15.092486562232583,15.092486562232583
15.605899636460908,7.302716232873486,14.586493622010764,14.586493622010764
15.487281799093388,7.942003401385791,16.079249161346237,16.079249161346237
15.150135406959734,7.838253915496681,15.086752955086826,15.086752955086826
14.252415925544174,6.490208863720576,14.153120726907721,14.153120726907721
16.31222446904398,7.830233849212429,17.107775705426857,17.107775705426857
16.23947384099952,8.610313281038247,15.126821687729791,15.126821687729791
13.9493932278649,6.843765551827239,13.48796502194899,13.48796502194899
14.513968425752179,6.927769841045768,13.913972145587158,13.913972145587158
16.063791698554233,7.214885188163494,15.435966895945088,15.435966895945088
18.055763691607165,10.072537541811387,16.974713829040137,16.974713829040137
16.302750064118182,8.061029591132808,15.347541008466665,15.347541008466665
15.163275759990473,7.902895394984707,14.431635448255038,14.431635448255038
16.393146061637633,7.721796843912416,15.49189551537913,15.49189551537913
14.204871337523844,8.250919318674622,13.728862910851944,13.728862910851944
13.627743433921744,7.3326883566829615,12.733440037145325,12.733440037145325
14.401859026829733,5.861532181897861,13.845178781910711,13.845178781910711
14.792543209165164,6.688675622499564,14.44937645427935,14.44937645427935
15.146106323411834,8.399731094535268,14.42953993617812,14.42953993617812
13.632296489574102,7.046297754781037,13.452269235680015,13.452269235680015
14.841735173385123,6.797882444205288,14.490170821749032,14.490170821749032
15.345562516517242,8.02799405229265,15.097916322940376,15.097916322940376
14.862858963772617,7.6042637664479455,14.314889743783702,14.314889743783702
14.416355114439929,7.601946511535195,14.066370236003033,14.066370236003033
14.403136628217117,7.550186969594974,13.273875444917575,13.273875444917575
13.84505871596296,7.642405952754562,12.289012964610476,12.289012964610476
14.311788310200901,9.03967693956339,14.211843481466834,14.211843481466834
14.951639933221351,7.5633764483160695,14.307694469226272,14.307694469226272
15.308651380507289,8.868720240316177,14.97665162821645,14.97665162821645
15.105722113046825,8.120712052507471,14.625409854415656,14.625409854415656
14.630475888650032,7.860294481443677,14.670894928283305,14.670894928283305
15.023735815313415,8.193085412248964,14.732039218447067,14.732039218447067
15.443617276022652,8.954267553689919,14.155455136779148,14.155455136779148
15.179942541100308,8.420450114080792,14.472491858466851,14.472491858466851
14.665874880470364,9.081948266508435,14.127805291205066,14.127805291205066
14.694910905273382,8.8876778545647,14.455741755230637,14.455741755230637
15.66904775166576,7.682713199128895,14.580075795282049,14.580075795282049
14.795954406644224,7.536766145292359,13.807389100402176,13.807389100402176
14.910561578176212,8.44091254541445,13.470002825983418,13.470002825983418
15.463477974074118,7.6420054050547614,14.221397402365069,14.221397402365069
15.26589631371641,8.291555251619013,14.579187416270791,14.579187416270791
14.259002986843823,7.226253177324989,14.080710704457584,14.080710704457584
18.549540900719883,8.169298019595772,19.345057455690597,19.345057455690597
14.267374311013345,7.642957606347379,13.432718717763755,13.432718717763755
15.643999403932296,8.99552360763099,15.3637382546537,15.3637382546537
14.51691605824458,8.125901305636196,14.093870979491449,14.093870979491449
14.782554655076325,7.326526556417975,14.053094825574032,14.053094825574032
15.34217479136112,7.637591400238398,13.493395014141957,13.493395014141957
14.480859174756114,7.55891365592254,13.1685052573941,13.1685052573941
14.958159686797696,7.7986734907999935,13.739790162755071,13.739790162755071
14.408692524855791,7.208370480106624,14.538233494485512,14.538233494485512
14.419298217142178,8.437801138644083,13.571329444113614,13.571329444113614
14.94151493146814,8.26488509644537,14.713245715158722,14.713245715158722
16.062962514814743,8.595302881454867,15.914497607125524,15.914497607125524
15.001466477702946,8.697210254186675,14.307799111845016,14.307799111845016
15.816915463199201,7.741175459276398,14.702957413592491,14.702957413592491
15.581753914537547,8.44324091711539,14.975745037175688,14.975745037175688
14.372812837217067,7.2426034164382385,13.798697435512015,13.798697435512015
15.633073758603647,8.118375257921034,15.906755265489133,15.906755265489133
14.569450024605587,7.035464575096206,14.414796483707226,14.414796483707226
17.69881143616668,9.526157320328506,16.97385254944057,16.97385254944057
15.60321379354741,8.128485956153275,15.223183806299048,15.223183806299048
16.223157194790225,8.35637434691072,16.538715853680472,16.538715853680472
16.008665236370998,8.776253893382604,15.324586112632385,15.324586112632385
15.841078340450673,11.796454305664696,14.94126122102368,14.94126122102368
13.972100519898666,6.907254793651626,13.499252576351408,13.499252576351408
14.272529084888577,6.527175300537464,13.12308353076819,13.12308353076819
15.770285062548753,7.842674367400571,14.30105872599369,14.30105872599369
15.431810613946789,7.736421368690774,13.476214274332554,13.476214274332554
14.448263987697729,7.019526034095889,13.912423553049793,13.912423553049793
15.538673670095472,7.918263395323777,15.276281692506135,15.276281692506135
14.379106883288706,6.069808419460945,13.721979104782665,13.721979104782665
13.478385501691767,7.512765159837205,13.257635345496446,13.257635345496446
15.478462122460586,8.277117919110479,14.748991356751677,14.748991356751677
17.773044221390183,9.392193602371448,16.831115686367195,16.831115686367195
15.47094876228852,7.428198652037026,16.14269950461325,16.14269950461325
15.80117711081318,7.990142084934092,15.133677218577107,15.133677218577107
16.04249002047132,8.734587010929944,15.753993715651502,15.753993715651502
15.986316204893084,6.783528366196114,15.98555570002527,15.98555570002527
14.75234350160039,7.3283925799883916,14.232615544047201,14.232615544047201
14.722993168306182,8.281366297566949,13.428610801370025,13.428610801370025
14.71515112243349,8.104918536106288,14.692673210709943,14.692673210709943
15.79595531566218,7.177576810890499,15.098972396911439,15.098972396911439
14.284397417920552,8.36202374206624,13.725235779949463,13.725235779949463
14.472715000520388,7.413448498878148,13.769252949950626,13.769252949950626
15.022449041542624,8.557838983167295,14.582705212539885,14.582705212539885
14.52369972217508,9.18263591629883,14.254050504754215,14.254050504754215
14.791576613620615,7.281501452746529,14.25245195756884,14.25245195756884
15.048750099052837,10.143390055409133,15.021332768158949,15.021332768158949
15.284008935145176,7.30182483828859,14.421429588627612,14.421429588627612
13.72268428149867,6.863463477670567,12.824944304065331,12.824944304065331
15.54733969483198,5.9453764977344425,14.430928803408808,14.430928803408808
15.46972898294874,6.914869691496806,14.773056550479907,14.773056550479907
15.905706603118361,9.182468408186947,15.98383421293502,15.98383421293502
15.421874953360273,8.078853818833345,14.983127655106086,14.983127655106086
14.859592407457635,6.582410303927514,12.937975860490562,12.937975860490562
15.198998172782717,6.854206674457181,14.149523320661618,14.149523320661618
15.206512201591432,8.1460016251101,14.950902928036122,14.950902928036122
14.334566791856474,7.120873345532404,13.921777032611901,13.921777032611901
17.59195510689735,7.991362624421717,17.732115651752174,17.732115651752174
16.001167958036863,7.557399676260315,15.640957431453911,15.640957431453911
15.43276797429053,8.75665547272843,16.312238360763047,16.312238360763047
15.207462461458379,7.4189009713329614,15.174151202981886,15.174151202981886
16.05859769066927,8.209176640916423,15.524447786425085,15.524447786425085
14.489078065713906,7.766080296404714,13.677754622770482,13.677754622770482
17.758297014778922,9.57559605881451,16.794016194409814,16.794016194409814
14.994502947488751,7.464772590427347,14.791381243565356,14.791381243565356
15.620135300017804,7.838363373095923,14.731636460085157,14.731636460085157
14.873678771051615,6.716851179235574,14.162687945410095,14.162687945410095
16.46205523436304,11.728768852753548,15.811745664670951,15.811745664670951
15.18631550617466,6.810566851820218,14.193104133921999,14.193104133921999
15.24357405993247,8.207917800997532,15.284506886337557,15.284506886337557
17.04318793242053,6.808899731451322,17.484885632304973,17.484885632304973
15.45637115214621,8.323489440983048,14.0608126502083,14.0608126502083
14.314113839886472,6.479210592682953,13.98388288881659,13.98388288881659
15.73595999264563,7.508261014819831,14.438058168485737,14.438058168485737
16.06884009536333,9.26215179551053,15.06830385058319,15.06830385058319
14.514913389213264,8.249892320830076,13.256254743892702,13.256254743892702
15.812993851204245,7.837368010025286,16.012442845875636,16.012442845875636
13.950824226615534,7.17852946391908,11.816634007356361,11.816634007356361
16.179128653570867,7.458301206096844,15.693985422254553,15.693985422254553
14.75548741087207,7.464382405124229,13.577645105686841,13.577645105686841
14.951869301993696,8.60751919019617,14.614129347455277,14.614129347455277
15.605503530232625,7.710870342896253,14.576126629883298,14.576126629883298
15.55355652669404,8.244843003627153,15.28541243140248,15.28541243140248
14.786085568308428,7.606020088240363,14.648034531283836,14.648034531283836
15.164751189887301,8.18887373382539,14.762167966715413,14.762167966715413
13.266271309661668,7.071460288069636,13.160818864816594,13.160818864816594
15.43849412625857,6.3534992824156165,15.018386205945314,15.018386205945314
17.18338619424846,9.364121486324938,15.830564412642444,15.830564412642444
16.30418475667017,7.709100923408215,15.929125437880085,15.929125437880085
16.65489142723354,7.44076495092604,16.396509104206384,16.396509104206384
14.851241241602798,7.202332766020817,13.219875014857854,13.219875014857854
15.084889698581774,10.693676371515377,14.40972106475989,14.40972106475989
15.829755923783061,8.555628940948226,15.495347969963086,15.495347969963086
14.968914651022965,7.444708750749529,14.599999610452755,14.599999610452755
15.238884990331774,7.8508267144963355,14.132781333071149,14.132781333071149
15.214412066261717,9.257927002839603,14.53681008228025,14.53681008228025
13.02088067096128,7.080458639429668,12.31222099340246,12.31222099340246
14.502209802847398,9.371424516369265,14.096143145179306,14.096143145179306
14.96906921597602,8.996582098786087,14.78855800135157,14.78855800135157
13.798965430003825,6.835357522157852,13.006557562369428,13.006557562369428
15.349477823801571,10.92084291402197,15.448545555428487,15.448545555428487
14.876979826092054,7.699368155041733,14.880740315853306,14.880740315853306
14.897508812385842,6.926701476379713,13.987609319718961,13.987609319718961
15.477351736764067,17.257614463950897,14.795681059553296,14.795681059553296
15.296526998820298,8.710007190925364,13.85681818096111,13.85681818096111
14.863300998285348,7.285398739147906,14.090610564669346,14.090610564669346
15.418131997545418,6.822012310714655,15.013272014965542,15.013272014965542
14.64260863952033,6.596496332393631,14.42413172743345,14.42413172743345
15.938716698163377,6.683540890231164,15.882129727836652,15.882129727836652
15.640646339350585,7.653291288051563,15.533560334223024,15.533560334223024
14.530931129404832,7.114961947681568,13.854770867429899,13.854770867429899
14.231147141799864,7.7274310285110674,14.230133329864705,14.230133329864705
16.392502115431725,15.447310947134271,15.66090688729685,15.66090688729685
15.038680984675333,7.765916595440236,14.938002147987126,14.938002147987126
14.544829281044088,7.72691256250801,13.68130786560835,13.68130786560835
14.27090332204427,7.964118131857112,13.586684269425223,13.586684269425223
15.235988151100686,8.102107851830757,14.78165137780134,14.78165137780134
14.421518332746823,7.469836449693647,13.891974673165745,13.891974673165745
15.309447480687679,7.4107895079264345,14.325850931181224,14.325850931181224
15.431638093886475,6.957264626446041,14.520428010625977,14.520428010625977
15.828505966264546,8.329357659234915,16.50965585817472,16.50965585817472
13.565756248426691,6.8099273196704635,13.257155962949302,13.257155962949302
14.369951384287399,8.623197740518055,12.357754881582116,12.357754881582116
14.684904019891453,7.980619771136088,14.466043767808475,14.466043767808475
15.636664803106646,8.162798547332233,14.23769087814688,14.23769087814688
14.270101937358397,8.768124287760461,14.919849412964277,14.919849412964277
15.267452886227879,8.314842335046569,14.432877363465302,14.432877363465302
14.826755115652665,9.57274640556262,14.754853528671207,14.754853528671207
14.918532728798382,7.215817177016382,13.736576944614594,13.736576944614594
14.043871130540197,8.006926514058335,13.859133234173749,13.859133234173749
15.256349204374628,8.23113150948614,15.141219910912762,15.141219910912762
14.616931071169278,6.795454040251342,13.975847553004318,13.975847553004318
14.553024135561524,8.11144086988057,14.087479395361811,14.087479395361811
15.098275591060922,8.774761367884356,14.370330067127467,14.370330067127467
14.405671728391576,7.987975393106497,13.37497630894132,13.37497630894132
15.020778794900037,8.55922405903669,14.74793129980871,14.74793129980871
14.899290356061103,8.16522296822732,14.60751949070115,14.60751949070115
15.977424188732408,10.553306840815974,15.291222525047617,15.291222525047617
15.966183440381805,7.297151003164474,15.791900462276258,15.791900462276258
16.742120561133564,9.17828183456811,15.904722146850208,15.904722146850208
14.52646204167275,7.902225535315548,13.739089514184354,13.739089514184354
14.437207012248088,7.290930026349732,14.458024347386196,14.458024347386196
14.670969960443504,8.146338583140658,12.936316411152688,12.936316411152688
15.454584481967949,7.687429889009435,15.715706144179284,15.715706144179284
15.001655290435803,7.2528655345663875,14.463067635094712,14.463067635094712
13.688912240006617,7.098352879453828,12.748545406217294,12.748545406217294
14.334696898624948,7.364515135563037,13.055896089738788,13.055896089738788
14.800183410415288,10.337988741232419,13.997753814832041,13.997753814832041
15.084491189604488,8.912121359113574,14.746380150023239,14.746380150023239
14.272345131041995,6.960956632429659,12.519229899948325,12.519229899948325
14.582050157932887,7.967626982940157,14.391200597295997,14.391200597295997
15.501187087382595,8.702266079522234,15.667204684700511,15.667204684700511
15.267189703001756,7.994261372659986,13.386540430143679,13.386540430143679
14.735856630989497,8.072973284268528,13.704550975771992,13.704550975771992
13.964641102783217,6.31176606647047,13.820394953637026,13.820394953637026
13.879510466257418,7.485297307918417,13.460878436246654,13.460878436246654
15.577647744446253,6.663772007570858,15.291128945356597,15.291128945356597
14.99923678854979,7.258234472549657,14.996091941190375,14.996091941190375
15.866092387646411,7.565172671520114,14.885705527887268,14.885705527887268
15.472058147859796,6.6889793104083575,13.818439007437348,13.818439007437348
15.166688893076385,8.246870229351652,15.159631935932964,15.159631935932964
15.312590419744335,7.741400951478228,14.342383975438231,14.342383975438231
14.167426196756265,7.994783993339225,13.492846541065813,13.492846541065813
15.380096773734081,6.85655935867674,15.121773401037398,15.121773401037398
14.716035534338939,7.062376388485257,14.03497826925515,14.03497826925515
13.88067406263233,7.958928323847855,12.027732873440321,12.027732873440321
15.732806760389105,9.0837228057918,15.439737895722448,15.439737895722448
15.025005089946314,6.99147013462352,14.29457201348422,14.29457201348422
15.666683193183395,8.038954053300568,15.308082960670115,15.308082960670115
13.952782664527254,9.377742218345448,13.69650787543015,13.69650787543015
14.823154355517207,6.645442231673652,14.353582465745369,14.353582465745369
14.565020096980385,8.401753299410803,13.921661708293014,13.921661708293014
14.572423757552162,8.841847900804172,14.125372437999609,14.125372437999609
14.161054129826688,8.50805221843817,13.567387912022523,13.567387912022523
15.321393434515803,7.704139084522467,14.658266003343737,14.658266003343737
15.614926877825326,7.855527618223128,14.711300008704908,14.711300008704908
14.808941513333771,8.415911648386935,13.96159072286038,13.96159072286038
15.106527565314172,6.7744423124692235,13.640151125912313,13.640151125912313
14.75321501157202,8.205657952003083,13.827342257519442,13.827342257519442
14.857629951020217,7.535236939295387,13.119251343604532,13.119251343604532
15.66309074590347,7.6559002648576024,15.475836606803243,15.475836606803243
15.14147147931537,6.540738146589384,14.279812733188088,14.279812733188088
14.47625754520062,7.8761082721316305,13.89064472363574,13.89064472363574
15.669833810814357,6.850905353122685,14.934955382987045,14.934955382987045
13.453979210743386,6.559612119732391,12.677596113783748,12.677596113783748
14.594508566552365,8.84246806246839,13.843462257647086,13.843462257647086
14.79957854347573,8.369410753729243,14.068061237202667,14.068061237202667
16.40456326458133,9.210542014813917,16.062306286941677,16.062306286941677
14.03442375480257,7.802430629559733,13.913479200839417,13.913479200839417
14.955117239730274,8.0805801873808,14.632592564903405,14.632592564903405
14.655841162588485,7.107803985280553,14.393463590371251,14.393463590371251
14.294540578321806,6.83937793674781,14.58327633366868,14.58327633366868
15.089388292698645,8.093320057295427,14.492204457006423,14.492204457006423
13.430844136834295,9.307483928701268,12.787559508178344,12.787559508178344
14.323252639641703,6.449491416534783,12.80439088415198,12.80439088415198
15.168514424892033,7.323617842863919,14.541635502561103,14.541635502561103
15.468990307133241,8.29608839859048,15.195651973271644,15.195651973271644
16.745326867705963,8.520215912922923,15.909087612213238,15.909087612213238
14.259736935420808,7.61499993324495,14.07964337104819,14.07964337104819
14.17982989526774,6.576292153495648,13.45881315504327,13.45881315504327
14.594776747030403,7.72048746681397,14.152417706035239,14.152417706035239
14.769052420867228,11.283571545937424,13.969484472003582,13.969484472003582
15.44581023151866,7.744466278222789,14.58292571029822,14.58292571029822
14.30083966995685,8.025341456288526,14.862370411875997,14.862370411875997
15.120254369260866,8.227505750507927,14.260805647800009,14.260805647800009
15.479465233330563,7.7139801290040095,15.62784181830641,15.62784181830641
15.73922866447405,7.449227312269429,15.321894839385518,15.321894839385518
14.799319838066214,5.844510020652347,13.834853729500889,13.834853729500889
14.952532713753168,8.168114260711764,13.158014747220209,13.158014747220209
15.236540921797571,7.710301660411658,14.378875680434462,14.378875680434462
14.830418317491644,7.846946161950374,14.128401818364928,14.128401818364928
14.258081422325953,6.025246996541528,14.600618272815712,14.600618272815712
16.236303856985394,8.393138927387279,15.506279319290686,15.506279319290686
14.410447653558537,8.701300993777714,12.397211249887016,12.397211249887016
15.0152232174664,6.302066693070159,14.359957447690801,14.359957447690801
14.687398101074374,6.383639584956684,14.688879086578709,14.688879086578709
15.46859008114997,7.912668697789862,13.588974281774647,13.588974281774647
14.09991275834236,6.9473144936283475,13.07082656663801,13.07082656663801
15.136483874764336,10.071490990073123,14.551444509759985,14.551444509759985
15.305137222968716,9.142521854523082,14.70797836082239,14.70797836082239
18.102389734259415,7.703646496870246,17.142289928012183,17.142289928012183
14.871269043534646,8.960711848852554,14.558339502832974,14.558339502832974
17.084358048066896,5.82110778757425,15.481350323416613,15.481350323416613
15.523178336141495,6.639496218230242,14.41892670477979,14.41892670477979
14.46757482365812,6.94054937901195,13.82101555745173,13.82101555745173
15.258051759657674,8.121994871004489,13.91663922219446,13.91663922219446
16.95473313056139,7.512071958671717,17.23725328458636,17.23725328458636
14.977423442167309,7.072616230395814,14.118680353402153,14.118680353402153
15.440572795414843,8.096538681681961,13.998076549456835,13.998076549456835
14.214189363667906,7.395774886078849,12.935319824326978,12.935319824326978
15.502084301491408,10.830348635100615,15.139161534895242,15.139161534895242
14.333186022177996,8.013282325442177,13.4097047215199,13.4097047215199
14.62667772477071,8.824275496931715,14.503817473701243,14.503817473701243
16.391202298322742,9.62477901502017,15.130569802536048,15.130569802536048
14.58082480245153,7.520982167670232,14.49063532890136,14.49063532890136
15.045550578545772,7.642409130320323,14.580461746114276,14.580461746114276
14.723324203733673,9.12487116821909,14.650130941446566,14.650130941446566
16.082946820842498,6.730594138526717,15.794957918764505,15.794957918764505
14.114912912530341,6.8836178097805,12.919712242410226,12.919712242410226
15.026172796998631,8.281895085375542,13.563057927700957,13.563057927700957
15.378512423007994,8.201274572743667,14.07225570319352,14.07225570319352
14.684017960494195,7.633821525256245,13.537359816802981,13.537359816802981
14.98249019776907,9.227369072879206,14.626700599524465,14.626700599524465
15.7703461451374,7.489782884607428,15.174641064262714,15.174641064262714
14.065438668253483,8.354073443606579,14.434669569337316,14.434669569337316
16.312503409030125,8.340588372056446,16.453898489064418,16.453898489064418
16.473563317575124,7.509330111546579,15.601614190873644,15.601614190873644
14.831339054597109,9.110020759302916,13.944348259089056,13.944348259089056
15.378368658231437,7.973642598474185,14.793576610008977,14.793576610008977
14.415421943383881,7.39433423928488,14.102233597734346,14.102233597734346
15.359205081036883,7.4670236957958505,13.70076284471079,13.70076284471079
16.287819571778705,8.297245031719134,15.754634737926958,15.754634737926958
14.84417091689542,6.710652007443736,13.982276745624265,13.982276745624265
15.113491544173913,8.113874002858129,14.993091518654055,14.993091518654055
15.245130828792213,7.893516075126829,14.674970743525416,14.674970743525416
15.102787028565114,8.560376899618456,14.679839126170764,14.679839126170764
14.572481070876272,6.511843549804242,13.211868780055347,13.211868780055347
15.625645991615087,10.216457324871932,15.02062079633994,15.02062079633994
13.900099586684428,6.135021609947855,13.44456589986163,13.44456589986163
15.207126621996993,7.944789637244044,13.40100619148291,13.40100619148291
15.796157993848649,7.123942377586471,15.696249138303918,15.696249138303918
14.828147830215574,8.38470109665707,14.346374499158067,14.346374499158067
14.999363975841586,7.004588606636041,14.307086404704123,14.307086404704123
14.308060718664423,7.983431700317392,13.660321450101364,13.660321450101364
14.73186225973205,7.571136273254964,14.321623880843685,14.321623880843685
14.509660772623235,7.799462269673948,14.027613850443618,14.027613850443618
14.873851565749446,12.383321504256317,14.28832209882995,14.28832209882995
15.082234950624214,6.701209888402761,15.351229161694807,15.351229161694807
15.516904450285185,8.23728183630096,13.873888601767971,13.873888601767971
13.834325316108373,6.4912188704494715,13.919773912478123,13.919773912478123
14.544644886750307,6.694493081867959,13.896826548074955,13.896826548074955
15.23861003413917,7.854233020369223,14.434717700295089,14.434717700295089
14.27282076875954,7.195347684046992,14.18935905266129,14.18935905266129
15.359142297508066,8.012179602344617,15.14859634731003,15.14859634731003
15.972058696933441,7.895331288222717,15.200870367119432,15.200870367119432
14.522144606904646,6.546222034430904,13.96219665999234,13.96219665999234
16.70965243927121,9.655369643242723,16.453283937655478,16.453283937655478
14.993441511740105,7.435078111099031,13.916965333226985,13.916965333226985
14.272882083125772,8.434613863670426,14.072855511342532,14.072855511342532
15.523354020842211,7.59896012322762,15.24605741859402,15.24605741859402
14.307149220595623,7.746213311514619,13.977577017196177,13.977577017196177
14.721629296235546,6.263183069760051,14.65830553523497,14.65830553523497
15.961496114913322,8.257380527430941,15.164377751056245,15.164377751056245
15.588853530126443,7.852616318327634,14.939730714942693,14.939730714942693
14.90496872529733,7.55571205438514,14.305043771870585,14.305043771870585
14.97522521649038,7.300718785420377,14.158145064745376,14.158145064745376
15.580882669000983,6.5788798158451804,14.36877335816969,14.36877335816969
14.80722265185554,5.999899591352255,15.110047499794552,15.110047499794552
13.934344048907567,7.022936314241851,13.581875503390698,13.581875503390698
14.137879884090184,7.089583419842294,13.289452540950728,13.289452540950728
15.406032982416509,10.396854656300864,14.313170449407048,14.313170449407048
14.743825343320426,7.003818879134597,13.356552523311475,13.356552523311475
16.151738658222726,8.695574517311101,15.364387393209402,15.364387393209402
14.183932670964573,7.360101159974565,12.920900757248988,12.920900757248988
14.811005555863144,8.06377180552547,14.087551588801743,14.087551588801743
14.776468828624862,7.175708944367432,14.031042697077483,14.031042697077483
14.878199245689078,7.873842072615565,13.994221527536842,13.994221527536842
14.41042074685006,6.939909083465909,14.054668936834824,14.054668936834824
13.830008649173202,8.276698117864465,13.842226232511774,13.842226232511774
15.470922906829571,12.17347151896589,14.993368249787267,14.993368249787267
15.402378010365757,9.643703322671657,14.200287176474228,14.200287176474228
13.890716225324063,7.778457662643266,13.458458493954069,13.458458493954069
14.763442929865427,7.732463655319164,14.450640453218577,14.450640453218577
15.4423156168575,7.635874003504276,14.943308083800323,14.943308083800323
15.727559872392492,8.394432223870979,14.956267821211807,14.956267821211807
13.128752868567384,6.55037701380168,13.1201130570887,13.1201130570887
14.293911799756176,7.244845330838204,14.946981828650152,14.946981828650152
15.680263016360321,8.387625246075402,15.864961014883628,15.864961014883628
14.439038005217881,8.71496341394985,13.905765793507468,13.905765793507468
14.217142395644862,7.16174589893675,13.666464097593972,13.666464097593972
14.277488306482425,7.058154456471723,14.777454916635698,14.777454916635698
13.729232515165277,8.15643233635239,13.627515361887964,13.627515361887964
16.81297773148838,9.357471429603903,17.52565101921472,17.52565101921472
15.49450077456442,8.88898567067689,15.443002051172662,15.443002051172662
15.26535456583528,7.502634977626586,14.229736413216473,14.229736413216473
15.799934502116795,8.789423246843377,14.640421360800914,14.640421360800914
15.366413030412295,8.625647077411575,14.50836502585802,14.50836502585802
14.354924352553429,8.132447264612997,12.793488397014407,12.793488397014407
14.998337145081749,7.23973265140189,14.062794743824396,14.062794743824396
15.29532622284316,8.17737016242263,15.258479100382383,15.258479100382383
14.64019179380683,8.440986759388663,14.411916866731472,14.411916866731472
13.79730257466003,8.005850572320162,12.55386140833641,12.55386140833641
14.958881390218824,8.026510632342225,14.465524804604927,14.465524804604927
14.817910068769963,7.008837736292946,14.125769587122905,14.125769587122905
14.55876621669143,7.445694647463478,14.016068807366235,14.016068807366235
16.640602008955366,6.902299917524744,15.994886869789838,15.994886869789838
14.084657985793962,6.749557573683248,13.425411633106341,13.425411633106341
14.820542301663163,8.263373186287602,14.182073608830878,14.182073608830878
15.717019008789531,7.76231945263941,15.417665147626575,15.417665147626575
14.95190081937225,8.58334810421012,14.03183799989692,14.03183799989692
15.679067724152574,10.994290770552853,15.883271032784908,15.883271032784908
14.903603137018418,7.66235919569934,13.939124201034103,13.939124201034103
15.768613152808461,8.886137290694156,14.79837039185453,14.79837039185453
17.368167388456822,7.96901474462252,17.595071772214567,17.595071772214567
14.911274047308462,7.515134187633551,14.631439179162301,14.631439179162301
15.235098585776301,8.66960918062857,15.047378736971323,15.047378736971323
15.970410793800784,8.61033758471557,14.94399325395307,14.94399325395307
13.585573525003845,10.376969153170387,13.055820240387465,13.055820240387465
14.313113727975033,7.8390973853523205,14.75955304279017,14.75955304279017
14.453280696991763,7.712112968821366,13.673871241332415,13.673871241332415
15.346777649704551,7.105006789588514,15.089727990389193,15.089727990389193
16.03675229513357,8.695124410791486,15.810330500133814,15.810330500133814
14.892488327367698,10.534088445873836,14.335212713004207,14.335212713004207
14.20815058298392,6.921734827949738,12.066465587754175,12.066465587754175
15.040719692715273,7.244898712214985,14.802697889991963,14.802697889991963
14.658118570412482,7.835388831273788,15.055434359895436,15.055434359895436
15.4492765437332,8.03145830556927,14.57418340831517,14.57418340831517
15.488409608004714,7.87789966935093,14.42972360191217,14.42972360191217
13.816072977423836,8.61830770121968,13.30162159970795,13.30162159970795
16.43143787092605,7.90405888407607,15.623721849163571,15.623721849163571
15.30498070464009,8.817286020420267,15.060623272281086,15.060623272281086
14.70101333305593,7.690759010380387,13.666206383849712,13.666206383849712
15.826966348629878,8.986566713518622,16.611945220878503,16.611945220878503
15.908898362672021,7.723930846190012,14.911461580556322,14.911461580556322
15.756229119481699,8.315461020759088,15.432519286167764,15.432519286167764
15.371636847998063,8.132443301411126,14.95448095307469,14.95448095307469
14.531686667250877,7.666813428026379,14.276664779180216,14.276664779180216
14.822767480736177,7.712149254064438,14.662710949564216,14.662710949564216
14.045042564802829,7.456592494900769,13.180018772781446,13.180018772781446
16.091511761965503,7.62280371206493,15.470646665411234,15.470646665411234
13.76939280491597,6.65216926115287,13.169783623619226,13.169783623619226
14.914956753130943,7.9557612042853005,13.331700379784863,13.331700379784863
15.177236434141488,8.33619557040061,14.757600530743892,14.757600530743892
15.971620929113886,8.649726271290692,15.20778942630413,15.20778942630413
14.396189774441485,7.917168267072622,13.660391244351883,13.660391244351883
15.015158141918354,8.058466498720549,14.566837409074399,14.566837409074399
15.294714652299861,7.964980574127275,14.546055148932235,14.546055148932235
14.799402985422725,7.168486934006975,13.479354147933444,13.479354147933444
16.631226310111934,14.091279951685593,15.413459256029128,15.413459256029128
15.112669914698468,8.535385738090906,15.420762975569724,15.420762975569724
15.302492797507789,7.909223017952766,14.848687159730696,14.848687159730696
15.213490287527367,8.046660680323956,13.922525652906291,13.922525652906291
14.910854423813245,7.538883218789923,14.753835115912624,14.753835115912624
14.973806393752378,7.561132859805976,14.941133848665126,14.941133848665126
16.098095837827714,7.086774363607388,14.841391747391377,14.841391747391377
15.843631750900721,7.372114596266918,16.472543527636915,16.472543527636915
14.98053392119607,6.943452885259017,14.844162073662494,14.844162073662494
14.675354979592914,7.239292113282319,14.455109457242765,14.455109457242765
17.092602254478066,14.802007177700157,16.303657511291267,16.303657511291267
14.93480866518597,7.44286703298511,15.051338700692265,15.051338700692265
16.17448283798398,8.25920402335975,14.869139171106946,14.869139171106946
14.545647747294856,6.4503894013000584,13.736878955209217,13.736878955209217
14.926566434679968,7.349084544351257,14.07165499407715,14.07165499407715
16.167988987329753,8.44560192748869,14.067997500114545,14.067997500114545
13.986050946457334,6.926785425087518,13.491706528295351,13.491706528295351
15.48689758942418,7.477446170241867,14.101328404836327,14.101328404836327
14.872642634757522,7.16493852204971,14.456169206612985,14.456169206612985
14.564317229978704,8.505513711698423,14.66934305969438,14.66934305969438
15.289527729141627,8.60625745984258,14.469484117633591,14.469484117633591
15.824571091197067,7.905021218592309,14.333224648069617,14.333224648069617
14.719388175840452,8.141443492159842,12.875641652973064,12.875641652973064
17.563975520076845,9.128969164908318,16.57426795465408,16.57426795465408
14.208750675958894,7.624709639524923,14.004281222096227,14.004281222096227
14.734564491457082,8.236711403214002,12.851474088477907,12.851474088477907
14.413116172237979,7.530091839393297,13.730643643804287,13.730643643804287
14.876645708323982,7.841781434393712,13.834068258542297,13.834068258542297
15.450866545241762,7.929889786840042,14.74735193651369,14.74735193651369
15.139485831489417,7.430030255919861,13.71658053891156,13.71658053891156
14.379220941013042,5.591548620759344,13.51025885174622,13.51025885174622
14.343363495637647,6.330755188979165,13.98899428137212,13.98899428137212
15.17682345979095,7.3580661331229535,14.269559212774235,14.269559212774235
14.732554064537887,8.079771791016775,14.459542715234992,14.459542715234992
16.42531234903493,6.7709627410341815,16.333130759548254,16.333130759548254
14.814134364961948,6.917206357325427,13.503730640179663,13.503730640179663
15.15695708088891,7.180126114551789,14.640488431344927,14.640488431344927
17.053216602143838,8.511843504559373,16.554448864823705,16.554448864823705
14.534622905096505,7.076417987476607,13.904316547906884,13.904316547906884
14.911809726532729,6.367827391544948,14.14622591901843,14.14622591901843
14.57882442534728,7.311025643661973,14.538660936893654,14.538660936893654
14.826007876452104,7.566693562006394,14.55982347861968,14.55982347861968
15.49474409961211,7.867130925442536,15.00370018359873,15.00370018359873
13.988576529578873,6.475431502036134,13.12134135026389,13.12134135026389
14.197822988111755,7.353208340090574,12.140762652865764,12.140762652865764
16.58299198145263,8.370351542419588,15.539547781782819,15.539547781782819
16.038442893129957,8.241772092898437,14.983867179297517,14.983867179297517
15.34897737843604,6.8719771887442676,15.474131342086068,15.474131342086068
15.635380094391078,7.444853032342155,14.103313851743698,14.103313851743698
14.566853342750136,6.964604147312531,13.85170488845447,13.85170488845447
15.677397316607642,9.62286980447283,14.550035398088736,14.550035398088736
14.225810238506218,8.517085403942684,14.447252569833566,14.447252569833566
14.401155350763842,8.629278213954173,15.302144440271785,15.302144440271785
16.11215974681994,8.333925642805015,15.57077635213041,15.57077635213041
14.95835109385513,6.685198219998862,13.806983864077427,13.806983864077427
14.827432299693498,5.344942662109503,13.26511795462249,13.26511795462249
15.457606044527678,8.86437229308897,15.612323863420462,15.612323863420462
15.106401784593483,8.238432045173417,13.922325022758868,13.922325022758868
16.50010091643055,6.841718670350771,15.83669184419184,15.83669184419184
14.207423189839488,8.216001639351378,13.950956871966557,13.950956871966557
14.758349639851554,7.784396685438083,12.91762375873504,12.91762375873504
13.891625458442839,9.179454692658599,12.665719771502433,12.665719771502433
14.925191298116737,6.695029338267716,13.977684932529696,13.977684932529696
15.15266874199063,7.924483913957212,14.06137790612624,14.06137790612624
14.056929294862432,9.391886498088526,13.760278056455137,13.760278056455137
14.808469716703122,7.046467859363237,14.031062604820507,14.031062604820507
16.506810386949432,7.951351643448319,16.400099432246275,16.400099432246275
15.167505544429993,7.228517503781529,15.466985527045576,15.466985527045576
16.411071509945906,7.316487519163372,16.84758922004451,16.84758922004451
14.56730076643893,7.1801204898931505,14.224324405976446,14.224324405976446
15.81649100104186,8.113603862740343,15.000848949394753,15.000848949394753
15.227565129834048,9.490840841764388,13.605320460610839,13.605320460610839
15.491169945639323,8.286777561349014,14.35121305543136,14.35121305543136
16.64519800965534,7.5700843615958835,16.18944999303639,16.18944999303639
14.32469492005158,7.477127305498762,12.945474188685576,12.945474188685576
14.152685102193582,7.548159253383602,13.792614567567155,13.792614567567155
15.304867966267174,7.6891003219570955,14.55950945675112,14.55950945675112
15.024698225673918,7.696398703068257,15.142474658318516,15.142474658318516
15.849988361839008,7.203334512634488,14.293756387215232,14.293756387215232
15.09383632954222,8.001894756513225,14.855064733135087,14.855064733135087
15.013929283230436,6.328851270661124,14.711245932220237,14.711245932220237
16.51044934518767,7.226013837410192,16.517132529568517,16.517132529568517
14.3813048338567,7.645524336063689,14.73462976784156,14.73462976784156
14.516320699979023,7.135996420492593,14.326973248622654,14.326973248622654
14.46497786624651,5.858655850482228,14.179765173755351,14.179765173755351
14.178893520030908,6.447982320053781,13.92591602255496,13.92591602255496
13.470033281766296,7.119538506186453,12.452236182757611,12.452236182757611
16.98650905384281,8.528744583882268,15.502697102670256,15.502697102670256
15.364755781247036,8.346090464969466,14.811639954740388,14.811639954740388
14.03178978756528,7.784538427288623,14.120649280771405,14.120649280771405
14.795004861356787,10.028859875180379,14.295030802907128,14.295030802907128
14.527981220434414,6.890751754635983,14.304776880369062,14.304776880369062
14.51486282529453,7.444066902601899,13.891866514913726,13.891866514913726
14.748751370943092,7.481774673025218,13.532096631996573,13.532096631996573
14.316261542365261,7.128559172543565,14.068094985646253,14.068094985646253
14.734688438660708,6.786517433611529,13.721893349708013,13.721893349708013
15.900247298171141,7.365329056299975,15.568352345016864,15.568352345016864
14.800773441143578,7.691703333558024,14.132052909052915,14.132052909052915
15.367613676135564,7.5680723442038085,14.25937429226621,14.25937429226621
15.925502583275104,8.832826256443733,15.060101072892696,15.060101072892696
15.267742835740941,9.825274014138868,13.602764188424052,13.602764188424052
15.136687384331633,6.926164230610197,14.585832284495398,14.585832284495398
15.850606348644064,7.795546396698199,14.727351654847272,14.727351654847272
15.827355475268075,6.776733992204837,15.477871977940733,15.477871977940733
